Timestamp,IBM_Input_ID,Vector_Input,Quantum_Collapse_Counts,Prob_Base,Prob_Final,Audit_Status
2026-06-21T01:00:16.993358,V-2026-BANCOPPEL-QC-AUDIT-PM,"[2.199114857512855, 0.9424777960769379, 2.827433388230814]","{'011': 671, '101': 229, '100': 89, '010': 35}",0.3955078125,0.10119140624999999,RISK_ALERT
2026-06-21T01:00:44.937050,V-2026-BANCOPPEL-QC-AUDIT-PM,"[2.1362830044410597, 1.1623892818282235, 1.5707963267948966]","{'011': 315, '111': 219, '101': 197, '001': 144, '010': 38, '100': 52, '110': 21, '000': 38}",0.448095703125,0.1106572265625,RISK_ALERT
2026-06-21T01:00:45.220587,V-2026-BANCOPPEL-QC-AUDIT-PM,"[1.1938052083641213, 0.5340707511102649, 1.790707812546182]","{'011': 254, '000': 188, '100': 379, '111': 114, '001': 13, '101': 27, '010': 42, '110': 7}",0.237890625,0.0728203125,STABLE
2026-06-21T01:00:45.478796,V-2026-BANCOPPEL-QC-AUDIT-PM,"[1.413716694115407, 1.5393804002589986, 1.9163715186897738]","{'100': 152, '101': 204, '011': 173, '010': 235, '111': 55, '000': 53, '001': 72, '110': 80}",0.254541015625,0.0758173828125,STABLE
2026-06-21T01:00:45.757732,V-2026-BANCOPPEL-QC-AUDIT-PM,"[2.1362830044410597, 1.8849555921538759, 2.5446900494077327]","{'011': 206, '101': 658, '001': 16, '010': 98, '100': 37, '111': 3, '110': 4, '000': 2}",0.384375,0.0991875,STABLE
2026-06-21T01:00:46.097240,V-2026-BANCOPPEL-QC-AUDIT-PM,"[1.6650441064025905, 0.6283185307179586, 0.8482300164692442]","{'111': 461, '110': 29, '000': 262, '100': 75, '011': 117, '001': 57, '101': 15, '010': 8}",0.520947265625,0.1237705078125,RISK_ALERT
2026-06-21T01:00:46.446835,V-2026-BANCOPPEL-QC-AUDIT-PM,"[1.4451326206513049, 0.7853981633974483, 0.9738937226128359]","{'001': 71, '000': 289, '010': 26, '101': 21, '100': 109, '110': 75, '011': 123, '111': 310}",0.398974609375,0.1018154296875,RISK_ALERT
2026-06-21T01:00:46.833530,V-2026-BANCOPPEL-QC-AUDIT-PM,"[2.764601535159018, 1.1309733552923256, 1.350884841043611]","{'111': 346, '001': 210, '101': 172, '011': 290, '000': 3, '010': 1, '100': 2}",0.54091796875,0.127365234375,RISK_ALERT
2026-06-21T01:00:47.115317,V-2026-BANCOPPEL-QC-AUDIT-PM,"[1.0995574287564276, 0.7853981633974483, 2.1362830044410597]","{'011': 232, '100': 491, '010': 105, '111': 41, '110': 15, '000': 87, '101': 44, '001': 9}",0.16791992187500002,0.0602255859375,STABLE
2026-06-21T01:00:47.383435,V-2026-BANCOPPEL-QC-AUDIT-PM,"[1.0053096491487339, 0.9738937226128359, 1.1309733552923256]","{'000': 376, '010': 64, '100': 180, '111': 152, '110': 117, '011': 59, '101': 24, '001': 52}",0.236328125,0.0725390625,STABLE
2026-06-21T01:00:47.663275,V-2026-BANCOPPEL-QC-AUDIT-PM,"[0.6911503837897545, 2.1048670779051615, 0.6597344572538565]","{'001': 114, '110': 636, '000': 137, '100': 19, '010': 89, '101': 13, '111': 14, '011': 2}",0.299755859375,0.0839560546875,STABLE
2026-06-21T01:00:47.927123,V-2026-BANCOPPEL-QC-AUDIT-PM,"[2.607521902479528, 2.293362637120549, 2.827433388230814]","{'101': 909, '011': 105, '010': 10}",0.44560546875,0.110208984375,RISK_ALERT
2026-06-21T01:00:48.198967,V-2026-BANCOPPEL-QC-AUDIT-PM,"[1.0053096491487339, 2.0106192982974678, 2.4504422698000385]","{'101': 222, '010': 552, '100': 151, '110': 31, '000': 11, '011': 42, '001': 10, '111': 5}",0.134521484375,0.0542138671875,STABLE
2026-06-21T01:00:48.469818,V-2026-BANCOPPEL-QC-AUDIT-PM,"[2.419026343264141, 0.8168140899333463, 2.4504422698000385]","{'011': 762, '101': 168, '111': 40, '001': 5, '100': 41, '010': 5, '110': 1, '000': 2}",0.448193359375,0.11067480468749999,RISK_ALERT
2026-06-21T01:00:48.733287,V-2026-BANCOPPEL-QC-AUDIT-PM,"[1.4765485471872026, 2.293362637120549, 2.670353755551324]","{'010': 432, '101': 490, '011': 49, '100': 50, '001': 1, '110': 1, '000': 1}",0.2373046875,0.07271484375,STABLE
2026-06-21T01:00:49.040111,V-2026-BANCOPPEL-QC-AUDIT-PM,"[2.167698930976957, 0.4398229715025711, 1.413716694115407]","{'001': 32, '000': 66, '011': 428, '111': 398, '101': 22, '100': 70, '010': 4, '110': 4}",0.58818359375,0.135873046875,RISK_ALERT
2026-06-21T01:00:49.338940,V-2026-BANCOPPEL-QC-AUDIT-PM,"[1.9792033717615696, 1.853539665617978, 2.638937829015426]","{'011': 221, '101': 577, '100': 55, '010': 165, '001': 5, '110': 1}",0.351123046875,0.0932021484375,STABLE
2026-06-21T01:00:49.648762,V-2026-BANCOPPEL-QC-AUDIT-PM,"[0.8168140899333463, 1.853539665617978, 0.7539822368615503]","{'100': 43, '000': 179, '110': 527, '010': 104, '001': 104, '111': 39, '011': 9, '101': 19}",0.281982421875,0.0807568359375,STABLE
2026-06-21T01:00:49.988567,V-2026-BANCOPPEL-QC-AUDIT-PM,"[2.1048670779051615, 0.4084070449666731, 0.7225663103256524]","{'111': 684, '110': 9, '000': 128, '011': 134, '001': 39, '100': 23, '010': 1, '101': 6}",0.733447265625,0.1620205078125,RISK_ALERT
2026-06-21T01:00:50.268408,V-2026-BANCOPPEL-QC-AUDIT-PM,"[2.3876104167282426, 2.324778563656447, 1.0053096491487339]","{'001': 630, '101': 255, '111': 52, '110': 44, '011': 22, '010': 20, '000': 1}",0.19184570312500002,0.0645322265625,STABLE
2026-06-21T01:00:50.536643,V-2026-BANCOPPEL-QC-AUDIT-PM,"[0.5969026041820606, 2.3876104167282426, 1.6022122533307945]","{'110': 353, '010': 498, '100': 35, '101': 66, '000': 22, '001': 42, '011': 4, '111': 4}",0.189794921875,0.0641630859375,STABLE
2026-06-21T01:00:50.808869,V-2026-BANCOPPEL-QC-AUDIT-PM,"[1.4765485471872026, 1.5393804002589986, 1.413716694115407]","{'100': 107, '001': 156, '110': 155, '010': 131, '101': 144, '000': 99, '111': 116, '011': 116}",0.295654296875,0.0832177734375,STABLE
2026-06-21T01:00:51.067721,V-2026-BANCOPPEL-QC-AUDIT-PM,"[1.9163715186897738, 2.199114857512855, 2.5446900494077327]","{'101': 667, '011': 90, '010': 199, '100': 35, '001': 22, '110': 4, '111': 6, '000': 1}",0.340283203125,0.0912509765625,STABLE
2026-06-21T01:00:51.339924,V-2026-BANCOPPEL-QC-AUDIT-PM,"[1.319468914507713, 2.324778563656447, 1.9163715186897738]","{'101': 311, '010': 410, '110': 120, '001': 108, '011': 22, '100': 35, '111': 12, '000': 6}",0.210791015625,0.0679423828125,STABLE
2026-06-21T01:00:51.616765,V-2026-BANCOPPEL-QC-AUDIT-PM,"[2.419026343264141, 1.5079644737231006, 1.382300767579509]","{'101': 250, '001': 302, '111': 227, '011': 194, '000': 13, '110': 11, '010': 12, '100': 15}",0.421630859375,0.1058935546875,RISK_ALERT
2026-06-21T01:00:51.888442,V-2026-BANCOPPEL-QC-AUDIT-PM,"[1.0367255756846319, 1.1623892818282235, 2.764601535159018]","{'100': 461, '011': 205, '101': 110, '010': 242, '111': 2, '000': 2, '110': 1, '001': 1}",0.14082031250000002,0.05534765625,STABLE
2026-06-21T01:00:52.146296,V-2026-BANCOPPEL-QC-AUDIT-PM,"[2.796017461694916, 1.382300767579509, 0.7225663103256524]","{'001': 402, '111': 447, '011': 99, '101': 75, '110': 1}",0.513427734375,0.12241699218749999,RISK_ALERT
2026-06-21T01:00:52.417089,V-2026-BANCOPPEL-QC-AUDIT-PM,"[2.73318560862312, 2.356194490192345, 1.288052987971815]","{'001': 533, '101': 422, '111': 32, '010': 4, '011': 32, '110': 1}",0.231201171875,0.0716162109375,STABLE
2026-06-21T01:00:52.679939,V-2026-BANCOPPEL-QC-AUDIT-PM,"[1.6964600329384885, 1.9163715186897738, 2.261946710584651]","{'100': 81, '101': 448, '010': 228, '111': 21, '001': 51, '011': 159, '110': 30, '000': 6}",0.30043945312500003,0.08407910156250001,STABLE
2026-06-21T01:00:52.955455,V-2026-BANCOPPEL-QC-AUDIT-PM,"[0.5026548245743669, 0.9738937226128359, 1.4451326206513049]","{'100': 350, '001': 9, '011': 37, '010': 133, '000': 338, '110': 114, '111': 33, '101': 10}",0.102978515625,0.048536132812499994,STABLE
2026-06-21T01:00:53.221302,V-2026-BANCOPPEL-QC-AUDIT-PM,"[1.6964600329384885, 2.419026343264141, 2.0420352248333655]","{'101': 527, '001': 105, '010': 262, '110': 60, '011': 34, '100': 26, '000': 3, '111': 7}",0.279736328125,0.08035253906249999,STABLE
2026-06-21T01:00:53.490149,V-2026-BANCOPPEL-QC-AUDIT-PM,"[2.638937829015426, 2.1362830044410597, 1.8849555921538759]","{'001': 229, '101': 641, '011': 99, '111': 36, '010': 10, '110': 4, '100': 2, '000': 3}",0.362109375,0.0951796875,STABLE
2026-06-21T01:00:53.746002,V-2026-BANCOPPEL-QC-AUDIT-PM,"[1.853539665617978, 2.4504422698000385, 2.1362830044410597]","{'101': 626, '010': 223, '111': 4, '110': 35, '001': 97, '011': 28, '100': 9, '000': 2}",0.306689453125,0.0852041015625,STABLE
2026-06-21T01:00:54.030840,V-2026-BANCOPPEL-QC-AUDIT-PM,"[0.9738937226128359, 2.0106192982974678, 1.5707963267948966]","{'010': 343, '110': 280, '011': 31, '100': 93, '001': 81, '101': 124, '000': 54, '111': 18}",0.208740234375,0.0675732421875,STABLE
2026-06-21T01:00:54.297687,V-2026-BANCOPPEL-QC-AUDIT-PM,"[0.6911503837897545, 0.5026548245743669, 1.350884841043611]","{'111': 63, '100': 392, '000': 422, '011': 68, '010': 32, '001': 4, '110': 38, '101': 5}",0.110302734375,0.0498544921875,STABLE
2026-06-21T01:00:54.558536,V-2026-BANCOPPEL-QC-AUDIT-PM,"[2.1048670779051615, 2.324778563656447, 0.7225663103256524]","{'110': 126, '001': 673, '101': 119, '111': 63, '010': 22, '000': 4, '011': 15, '100': 2}",0.17578125,0.061640625,STABLE
2026-06-21T01:00:54.837823,V-2026-BANCOPPEL-QC-AUDIT-PM,"[1.5707963267948966, 0.47123889803846897, 1.2566370614359172]","{'100': 152, '011': 225, '000': 241, '101': 16, '111': 327, '001': 25, '110': 21, '010': 17}",0.43447265625,0.10820507812499999,RISK_ALERT
2026-06-21T01:00:55.106668,V-2026-BANCOPPEL-QC-AUDIT-PM,"[1.350884841043611, 2.4504422698000385, 1.319468914507713]","{'101': 202, '001': 243, '110': 295, '011': 9, '010': 233, '111': 18, '100': 10, '000': 14}",0.23994140625000002,0.073189453125,STABLE
2026-06-21T01:00:55.378513,V-2026-BANCOPPEL-QC-AUDIT-PM,"[2.764601535159018, 1.1938052083641213, 2.827433388230814]","{'101': 366, '011': 654, '100': 3, '010': 1}",0.4482421875,0.11068359374999999,RISK_ALERT
2026-06-21T01:00:55.653797,V-2026-BANCOPPEL-QC-AUDIT-PM,"[0.47123889803846897, 1.319468914507713, 2.5132741228718345]","{'100': 493, '010': 445, '011': 27, '101': 25, '110': 13, '000': 20, '111': 1}",0.029541015625,0.0353173828125,STABLE
2026-06-21T01:00:55.983140,V-2026-BANCOPPEL-QC-AUDIT-PM,"[1.2252211349000193, 1.0681415022205298, 1.413716694115407]","{'000': 246, '011': 148, '100': 225, '110': 98, '010': 83, '001': 68, '111': 112, '101': 44}",0.23681640625,0.072626953125,STABLE
2026-06-21T01:00:56.324631,V-2026-BANCOPPEL-QC-AUDIT-PM,"[1.5393804002589986, 2.167698930976957, 2.57610597594363]","{'010': 374, '101': 478, '011': 89, '110': 8, '001': 10, '100': 60, '111': 5}",0.257568359375,0.0763623046875,STABLE
2026-06-21T01:00:56.699194,V-2026-BANCOPPEL-QC-AUDIT-PM,"[2.607521902479528, 0.4084070449666731, 2.419026343264141]","{'011': 890, '111': 56, '101': 53, '100': 19, '001': 4, '010': 1, '000': 1}",0.469091796875,0.11443652343749999,RISK_ALERT
2026-06-21T01:00:56.993040,V-2026-BANCOPPEL-QC-AUDIT-PM,"[1.7278759594743864, 0.4398229715025711, 0.7225663103256524]","{'111': 549, '000': 268, '101': 5, '011': 102, '001': 36, '010': 4, '110': 16, '100': 44}",0.590185546875,0.1362333984375,RISK_ALERT
2026-06-21T01:00:57.267720,V-2026-BANCOPPEL-QC-AUDIT-PM,"[1.0367255756846319, 2.167698930976957, 2.230530784048753]","{'010': 547, '001': 31, '011': 41, '110': 69, '101': 221, '100': 98, '111': 5, '000': 12}",0.15034179687500002,0.0570615234375,STABLE
2026-06-21T01:00:57.547560,V-2026-BANCOPPEL-QC-AUDIT-PM,"[2.670353755551324, 0.8796459430051422, 2.701769682087222]","{'011': 788, '101': 219, '110': 1, '100': 14, '111': 2}",0.444921875,0.1100859375,RISK_ALERT
2026-06-21T01:00:57.829397,V-2026-BANCOPPEL-QC-AUDIT-PM,"[1.9477874452256718, 1.0053096491487339, 1.82212373908208]","{'111': 176, '101': 163, '011': 386, '010': 50, '100': 119, '000': 49, '001': 66, '110': 15}",0.4197265625,0.10555078125,RISK_ALERT
2026-06-21T01:00:58.113235,V-2026-BANCOPPEL-QC-AUDIT-PM,"[2.827433388230814, 1.0995574287564276, 1.6336281798666925]","{'001': 145, '011': 419, '111': 274, '101': 186}",0.533447265625,0.12602050781250002,RISK_ALERT
2026-06-21T01:00:58.376085,V-2026-BANCOPPEL-QC-AUDIT-PM,"[1.2252211349000193, 2.0734511513692637, 3.015928947446201]","{'010': 522, '101': 317, '100': 97, '000': 1, '011': 75, '110': 6, '001': 6}",0.17490234375,0.061482421875,STABLE
2026-06-21T01:00:58.648557,V-2026-BANCOPPEL-QC-AUDIT-PM,"[1.0995574287564276, 1.7592918860102844, 1.82212373908208]","{'011': 99, '101': 153, '010': 335, '110': 114, '100': 153, '000': 73, '111': 36, '001': 61}",0.19599609375000002,0.065279296875,STABLE
2026-06-21T01:00:58.932394,V-2026-BANCOPPEL-QC-AUDIT-PM,"[1.5079644737231006, 2.230530784048753, 2.607521902479528]","{'010': 385, '101': 482, '100': 55, '000': 3, '011': 76, '001': 13, '110': 8, '111': 2}",0.25068359375000004,0.075123046875,STABLE
2026-06-21T01:00:59.208588,V-2026-BANCOPPEL-QC-AUDIT-PM,"[0.5654866776461628, 1.82212373908208, 2.9530970943744053]","{'010': 647, '100': 269, '011': 29, '101': 73, '000': 1, '001': 2, '110': 3}",0.046142578125,0.038305664062499994,STABLE
2026-06-21T01:00:59.480898,V-2026-BANCOPPEL-QC-AUDIT-PM,"[1.1623892818282235, 1.6336281798666925, 0.7225663103256524]","{'110': 324, '111': 119, '000': 229, '100': 42, '101': 44, '001': 189, '011': 26, '010': 51}",0.28935546875,0.082083984375,STABLE
2026-06-21T01:00:59.757740,V-2026-BANCOPPEL-QC-AUDIT-PM,"[0.7853981633974483, 0.4398229715025711, 0.9424777960769379]","{'000': 606, '110': 44, '111': 122, '100': 183, '011': 43, '010': 11, '001': 10, '101': 5}",0.1595703125,0.05872265625,STABLE
2026-06-21T01:01:00.062565,V-2026-BANCOPPEL-QC-AUDIT-PM,"[1.6650441064025905, 2.230530784048753, 1.4451326206513049]","{'001': 279, '110': 160, '101': 307, '010': 172, '000': 15, '011': 25, '100': 26, '111': 40}",0.2552734375,0.07594921874999999,STABLE
2026-06-21T01:01:00.369389,V-2026-BANCOPPEL-QC-AUDIT-PM,"[2.167698930976957, 2.1048670779051615, 1.350884841043611]","{'010': 44, '101': 331, '011': 66, '001': 403, '110': 70, '111': 84, '000': 17, '100': 9}",0.287255859375,0.0817060546875,STABLE
2026-06-21T01:01:00.666008,V-2026-BANCOPPEL-QC-AUDIT-PM,"[2.3876104167282426, 1.288052987971815, 1.9163715186897738]","{'011': 430, '101': 287, '001': 117, '111': 130, '100': 26, '110': 7, '000': 12, '010': 15}",0.4451171875,0.11012109375,RISK_ALERT
2026-06-21T01:01:00.943875,V-2026-BANCOPPEL-QC-AUDIT-PM,"[2.4818581963359367, 2.293362637120549, 2.764601535159018]","{'101': 883, '011': 89, '010': 44, '100': 5, '001': 3}",0.42714843750000003,0.10688671875,RISK_ALERT
2026-06-21T01:01:01.211751,V-2026-BANCOPPEL-QC-AUDIT-PM,"[2.5446900494077327, 1.82212373908208, 2.4818581963359367]","{'011': 284, '111': 10, '101': 677, '010': 15, '001': 21, '100': 16, '110': 1}",0.43251953125000003,0.10785351562500001,RISK_ALERT
2026-06-21T01:01:01.476333,V-2026-BANCOPPEL-QC-AUDIT-PM,"[2.1048670779051615, 1.6022122533307945, 1.1623892818282235]","{'101': 174, '110': 64, '001': 314, '111': 210, '010': 43, '100': 43, '011': 134, '000': 42}",0.3685546875,0.09633984374999999,STABLE
2026-06-21T01:01:01.745178,V-2026-BANCOPPEL-QC-AUDIT-PM,"[0.37699111843077515, 0.5969026041820606, 0.9738937226128359]","{'100': 245, '000': 646, '110': 74, '111': 20, '011': 11, '010': 23, '001': 2, '101': 3}",0.058203125,0.0404765625,STABLE
2026-06-21T01:01:02.027402,V-2026-BANCOPPEL-QC-AUDIT-PM,"[1.6022122533307945, 0.7539822368615503, 1.0681415022205298]","{'110': 46, '010': 21, '000': 244, '011': 145, '100': 106, '111': 351, '001': 81, '101': 30}",0.439892578125,0.10918066406249999,RISK_ALERT
2026-06-21T01:01:02.296247,V-2026-BANCOPPEL-QC-AUDIT-PM,"[2.0420352248333655, 1.9477874452256718, 0.7853981633974483]","{'001': 510, '000': 36, '101': 118, '110': 115, '111': 176, '011': 34, '010': 25, '100': 10}",0.289208984375,0.08205761718749999,STABLE
2026-06-21T01:01:02.573090,V-2026-BANCOPPEL-QC-AUDIT-PM,"[2.5132741228718345, 1.7592918860102844, 1.413716694115407]","{'011': 152, '001': 336, '111': 156, '101': 338, '010': 15, '000': 9, '110': 18}",0.3755859375,0.09760546875,STABLE
2026-06-21T01:01:02.878913,V-2026-BANCOPPEL-QC-AUDIT-PM,"[2.199114857512855, 2.0734511513692637, 1.319468914507713]","{'001': 418, '111': 83, '010': 53, '101': 321, '110': 47, '011': 78, '100': 8, '000': 16}",0.27705078125000004,0.079869140625,STABLE
2026-06-21T01:01:03.148759,V-2026-BANCOPPEL-QC-AUDIT-PM,"[2.5446900494077327, 0.9424777960769379, 1.4451326206513049]","{'111': 358, '011': 381, '001': 131, '101': 125, '010': 2, '000': 12, '110': 3, '100': 12}",0.573291015625,0.13319238281249998,RISK_ALERT
2026-06-21T01:01:03.431597,V-2026-BANCOPPEL-QC-AUDIT-PM,"[1.382300767579509, 0.5654866776461628, 1.350884841043611]","{'000': 284, '111': 202, '011': 210, '101': 28, '100': 222, '010': 21, '001': 30, '110': 27}",0.313720703125,0.08646972656249999,STABLE
2026-06-21T01:01:03.687451,V-2026-BANCOPPEL-QC-AUDIT-PM,"[2.4504422698000385, 1.4451326206513049, 2.0734511513692637]","{'011': 396, '101': 411, '111': 82, '001': 85, '100': 20, '010': 22, '110': 5, '000': 3}",0.43691406250000003,0.10864453125,RISK_ALERT
2026-06-21T01:01:03.956296,V-2026-BANCOPPEL-QC-AUDIT-PM,"[0.9424777960769379, 1.1623892818282235, 2.73318560862312]","{'101': 73, '011': 167, '010': 298, '100': 482, '000': 1, '110': 1, '001': 1, '111': 1}",0.106884765625,0.0492392578125,STABLE
2026-06-21T01:01:04.225144,V-2026-BANCOPPEL-QC-AUDIT-PM,"[2.827433388230814, 0.37699111843077515, 1.8849555921538759]","{'011': 727, '111': 244, '101': 37, '001': 15, '000': 1}",0.5740234375,0.13332421875,RISK_ALERT
2026-06-21T01:01:04.487992,V-2026-BANCOPPEL-QC-AUDIT-PM,"[1.1938052083641213, 0.6597344572538565, 1.2566370614359172]","{'000': 347, '010': 28, '111': 221, '011': 129, '100': 197, '110': 52, '101': 22, '001': 28}",0.305029296875,0.0849052734375,STABLE
2026-06-21T01:01:04.765832,V-2026-BANCOPPEL-QC-AUDIT-PM,"[2.73318560862312, 0.9738937226128359, 0.6597344572538565]","{'111': 651, '001': 228, '011': 104, '110': 3, '101': 33, '000': 5}",0.697265625,0.15550781249999998,RISK_ALERT
2026-06-21T01:01:05.029681,V-2026-BANCOPPEL-QC-AUDIT-PM,"[1.4451326206513049, 2.0420352248333655, 3.0473448739820994]","{'101': 459, '010': 365, '100': 93, '011': 93, '001': 4, '111': 1, '110': 7, '000': 2}",0.246630859375,0.0743935546875,STABLE
2026-06-21T01:01:05.338504,V-2026-BANCOPPEL-QC-AUDIT-PM,"[2.419026343264141, 0.5026548245743669, 1.6022122533307945]","{'011': 558, '100': 37, '111': 352, '001': 27, '101': 35, '000': 12, '010': 2, '110': 1}",0.60478515625,0.138861328125,RISK_ALERT
2026-06-21T01:01:05.602353,V-2026-BANCOPPEL-QC-AUDIT-PM,"[2.5132741228718345, 0.34557519189487723, 2.0734511513692637]","{'011': 795, '111': 155, '001': 6, '101': 34, '100': 29, '000': 3, '010': 2}",0.515673828125,0.12282128906249999,RISK_ALERT
2026-06-21T01:01:05.932395,V-2026-BANCOPPEL-QC-AUDIT-PM,"[1.0367255756846319, 1.853539665617978, 2.0106192982974678]","{'001': 46, '010': 427, '101': 166, '011': 61, '110': 92, '100': 172, '000': 41, '111': 19}",0.158740234375,0.0585732421875,STABLE
2026-06-21T01:01:06.245748,V-2026-BANCOPPEL-QC-AUDIT-PM,"[2.3876104167282426, 1.9163715186897738, 2.3876104167282426]","{'101': 676, '011': 219, '100': 19, '001': 37, '010': 53, '111': 16, '000': 3, '110': 1}",0.409375,0.10368749999999999,RISK_ALERT
2026-06-21T01:01:06.585791,V-2026-BANCOPPEL-QC-AUDIT-PM,"[1.0053096491487339, 0.6283185307179586, 1.7592918860102844]","{'011': 179, '010': 59, '100': 450, '000': 203, '111': 79, '110': 21, '001': 12, '101': 21}",0.174267578125,0.061368164062499994,STABLE
2026-06-21T01:01:06.900936,V-2026-BANCOPPEL-QC-AUDIT-PM,"[2.57610597594363, 0.5340707511102649, 1.6022122533307945]","{'011': 558, '111': 374, '101': 33, '001': 42, '000': 5, '100': 11, '010': 1}",0.624951171875,0.1424912109375,RISK_ALERT
2026-06-21T01:01:07.158788,V-2026-BANCOPPEL-QC-AUDIT-PM,"[1.2566370614359172, 0.6911503837897545, 2.1362830044410597]","{'011': 276, '100': 479, '010': 75, '101': 52, '000': 78, '001': 11, '111': 43, '110': 10}",0.19052734375,0.064294921875,STABLE
2026-06-21T01:01:07.444251,V-2026-BANCOPPEL-QC-AUDIT-PM,"[0.6283185307179586, 2.4818581963359367, 1.5707963267948966]","{'110': 349, '000': 12, '010': 507, '001': 65, '100': 35, '101': 55, '111': 1}",0.178515625,0.0621328125,STABLE
2026-06-21T01:01:07.711098,V-2026-BANCOPPEL-QC-AUDIT-PM,"[2.356194490192345, 1.382300767579509, 1.0681415022205298]","{'111': 327, '001': 311, '011': 155, '100': 11, '101': 159, '000': 32, '110': 22, '010': 7}",0.46699218750000004,0.11405859375,RISK_ALERT
2026-06-21T01:01:07.971948,V-2026-BANCOPPEL-QC-AUDIT-PM,"[1.853539665617978, 0.7853981633974483, 0.9738937226128359]","{'111': 463, '001': 98, '011': 143, '100': 63, '000': 176, '101': 28, '010': 13, '110': 40}",0.544873046875,0.1280771484375,RISK_ALERT
2026-06-21T01:01:08.233798,V-2026-BANCOPPEL-QC-AUDIT-PM,"[1.9477874452256718, 2.230530784048753, 2.5132741228718345]","{'101': 692, '010': 182, '001': 21, '011': 82, '100': 29, '111': 5, '110': 12, '000': 1}",0.35029296875,0.093052734375,STABLE
2026-06-21T01:01:08.497647,V-2026-BANCOPPEL-QC-AUDIT-PM,"[0.9738937226128359, 2.4504422698000385, 2.293362637120549]","{'010': 647, '110': 87, '101': 208, '000': 5, '001': 25, '100': 42, '011': 9, '111': 1}",0.1345703125,0.05422265625,STABLE
2026-06-21T01:01:08.759513,V-2026-BANCOPPEL-QC-AUDIT-PM,"[2.4818581963359367, 1.6964600329384885, 1.853539665617978]","{'111': 105, '101': 438, '001': 177, '011': 265, '010': 11, '110': 11, '100': 11, '000': 6}",0.41630859375,0.104935546875,RISK_ALERT
2026-06-21T01:01:09.032426,V-2026-BANCOPPEL-QC-AUDIT-PM,"[2.167698930976957, 1.4765485471872026, 2.356194490192345]","{'011': 368, '101': 443, '010': 59, '100': 84, '000': 1, '001': 37, '111': 25, '110': 7}",0.38388671875,0.099099609375,STABLE
2026-06-21T01:01:09.305271,V-2026-BANCOPPEL-QC-AUDIT-PM,"[1.413716694115407, 0.8168140899333463, 2.5446900494077327]","{'100': 418, '101': 98, '011': 379, '111': 11, '010': 101, '000': 9, '110': 5, '001': 3}",0.22255859375,0.07006054687499999,STABLE
2026-06-21T01:01:09.577114,V-2026-BANCOPPEL-QC-AUDIT-PM,"[0.8796459430051422, 1.2252211349000193, 2.827433388230814]","{'100': 479, '010': 331, '011': 143, '101': 71}",0.09404296875,0.046927734375,STABLE
2026-06-21T01:01:09.838964,V-2026-BANCOPPEL-QC-AUDIT-PM,"[0.8482300164692442, 0.91106186954104, 3.1101767270538954]","{'010': 193, '100': 593, '011': 168, '101': 45, '110': 7, '000': 14, '111': 2, '001': 2}",0.0986328125,0.04775390625,STABLE
2026-06-21T01:01:10.115806,V-2026-BANCOPPEL-QC-AUDIT-PM,"[2.3876104167282426, 1.9477874452256718, 2.57610597594363]","{'101': 744, '011': 194, '010': 47, '001': 13, '100': 16, '000': 3, '111': 7}",0.41904296875,0.105427734375,RISK_ALERT
2026-06-21T01:01:10.381553,V-2026-BANCOPPEL-QC-AUDIT-PM,"[2.0106192982974678, 1.853539665617978, 1.6022122533307945]","{'001': 243, '101': 353, '111': 92, '110': 69, '011': 114, '100': 46, '000': 19, '010': 88}",0.32539062500000004,0.0885703125,STABLE
2026-06-21T01:01:10.648400,V-2026-BANCOPPEL-QC-AUDIT-PM,"[0.91106186954104, 0.3141592653589793, 0.91106186954104]","{'000': 589, '111': 166, '011': 50, '100': 197, '110': 13, '001': 6, '010': 3}",0.189794921875,0.0641630859375,STABLE
2026-06-21T01:01:10.993399,V-2026-BANCOPPEL-QC-AUDIT-PM,"[1.8849555921538759, 0.34557519189487723, 0.6283185307179586]","{'111': 642, '011': 77, '000': 234, '001': 28, '100': 29, '010': 2, '110': 9, '101': 3}",0.666064453125,0.14989160156249998,RISK_ALERT
2026-06-21T01:01:11.292227,V-2026-BANCOPPEL-QC-AUDIT-PM,"[2.701769682087222, 1.288052987971815, 1.9163715186897738]","{'011': 444, '101': 333, '111': 145, '001': 95, '100': 4, '000': 1, '010': 1, '110': 1}",0.48349609375,0.117029296875,RISK_ALERT
2026-06-21T01:01:11.580063,V-2026-BANCOPPEL-QC-AUDIT-PM,"[1.0995574287564276, 1.5707963267948966, 2.230530784048753]","{'011': 129, '000': 37, '101': 167, '100': 281, '010': 331, '001': 23, '110': 39, '111': 17}",0.163818359375,0.0594873046875,STABLE
2026-06-21T01:01:11.851170,V-2026-BANCOPPEL-QC-AUDIT-PM,"[2.324778563656447, 1.0367255756846319, 2.827433388230814]","{'011': 673, '101': 258, '100': 72, '010': 20, '111': 1}",0.410107421875,0.10381933593749999,RISK_ALERT
2026-06-21T01:01:12.114019,V-2026-BANCOPPEL-QC-AUDIT-PM,"[0.7853981633974483, 1.288052987971815, 2.9530970943744053]","{'010': 353, '011': 97, '100': 495, '101': 78, '000': 1}",0.076904296875,0.043842773437499996,STABLE
2026-06-21T01:01:12.380867,V-2026-BANCOPPEL-QC-AUDIT-PM,"[1.1309733552923256, 1.4451326206513049, 2.701769682087222]","{'100': 333, '101': 185, '010': 343, '011': 156, '110': 4, '001': 2, '111': 1}",0.152587890625,0.0574658203125,STABLE
2026-06-21T01:01:12.647872,V-2026-BANCOPPEL-QC-AUDIT-PM,"[2.261946710584651, 1.2252211349000193, 1.0053096491487339]","{'110': 31, '011': 143, '111': 414, '101': 110, '100': 18, '010': 8, '001': 255, '000': 45}",0.5291015625,0.12523828124999997,RISK_ALERT
2026-06-21T01:01:12.913943,V-2026-BANCOPPEL-QC-AUDIT-PM,"[2.0106192982974678, 0.5654866776461628, 1.4451326206513049]","{'001': 42, '111': 365, '101': 24, '011': 373, '100': 94, '000': 100, '110': 17, '010': 9}",0.53837890625,0.126908203125,RISK_ALERT
2026-06-21T01:03:45.303797,V-2026-BANCOPPEL-QC-AUDIT-PM,"[0.089213759765625, 0.45039999999999997, 1.0]","{'100': 1111, '000': 2714, '110': 188, '011': 4, '010': 69, '111': 6, '001': 2, '101': 2}",0.0227783203125,0.03410009765625,STABLE
